P,r,o,m,p,t,:, ,C,i,a,o
"
","
",C,i,a,o,!, ,C,o,m,e, ,s,t,a,i,?
P,r,o,m,p,t,:, ,C,o,s,a, ,p,u,o,i, ,f,a,r,e,?
"
","
",P,o,s,s,o, ,f,a,r,e, ,u,n, ,s,a,c,c,o, ,d,i, ,c,o,s,e,!, ,P,o,s,s,o, ,c,u,c,i,n,a,r,e,",", ,f,a,r,e, ,s,h,o,p,p,i,n,g,",", ,l,e,g,g,e,r,e,",", ,s,c,r,i,v,e,r,e,",", ,d,i,p,i,n,g,e,r,e,",", ,f,a,r,e, ,s,p,o,r,t,",", ,a,n,d,a,r,e, ,i,n, ,p,a,l,e,s,t,r,a,",", ,f,a,r,e, ,e,s,c,u,r,s,i,o,n,i,",", ,v,i,a,g,g,i,a,r,e,",", ,g,u,a,r,d,a,r,e, ,f,i,l,m,",", ,a,s,c,o,l,t,a,r,e, ,m,u,s,i,c,a,",", ,f,a,r,e, ,y,o,g,a,",", ,a,n,d,a,r,e, ,i,n, ,s,p,i,a,g,g,i,a,",", ,f,a,r,e, ,g,i,a,r,d,i,n,a,g,g,i,o,",", ,f,a,r,e, ,v,o,l,o,n,t,a,r,i,a,t,o,",", ,f,a,r,e, ,a,t,t,i,v,i,t,à, ,a,l,l,',a,p,e,r,t,o,",", ,f,a,r,e, ,p,r,o,g,e,t,t,i, ,d,i, ,b,r,i,c,o,l,a,g,e,",", ,i,m,p,a,r,a,r,e, ,u,n,a, ,n,u,o,v,a, ,l,i,n,g,u,a,",", ,f,a,r,e, ,r,i,c,e,r,c,h,e,",", ,o,r,g,a,n,i,z,z,a,r,e, ,e,v,e,n,t,i,",", ,f,a,r,e, ,a,t,t,i,v,i,t,à, ,c,r,e,a,t,i,v,e,",", ,f,a,r,e, ,a,t,t,i,v,i,t,à, ,d,i, ,v,o,l,o,n,t,a,r,i,a,t,o,",", ,e, ,m,o,l,t,o, ,a,l,t,r,o, ,a,n,c,o,r,a,!
P,r,o,m,p,t,:, ,d,i,p,i,n,g,i, ,u,n, ,q,u,a,d,r,o
"
","
",!,[,q,u,a,d,r,o,],(,h,t,t,p,s,:,/,/,i,.,i,m,g,u,r,.,c,o,m,/,3,y,V,6,l,3,T,.,j,p,g,)
P,r,o,m,p,t,:, ,r,i,d,p,i,n,g,i, ,i,l, ,q,u,d,a,d,r,o
"
","
",R,i,d,i,p,i,n,g,i, ,i,l, ,q,u,a,d,r,o, ,c,o,n, ,c,o,l,o,r,i, ,v,i,v,a,c,i, ,e, ,b,r,i,l,l,a,n,t,i,., ,U,s,a, ,u,n,a, ,v,a,r,i,e,t,à, ,d,i, ,t,o,n,a,l,i,t,à, ,e, ,s,f,u,m,a,t,u,r,e, ,p,e,r, ,c,r,e,a,r,e, ,u,n,',a,t,m,o,s,f,e,r,a, ,u,n,i,c,a,., ,A,g,g,i,u,n,g,i, ,d,e,t,t,a,g,l,i, ,i,n,t,e,r,e,s,s,a,n,t,i, ,c,o,m,e, ,l,i,n,e,e,",", ,f,o,r,m,e, ,e, ,t,e,x,t,u,r,e, ,p,e,r, ,d,a,r,e, ,a,l, ,q,u,a,d,r,o, ,u,n, ,a,s,p,e,t,t,o, ,p,i,ù, ,i,n,t,e,r,e,s,s,a,n,t,e,., ,U,t,i,l,i,z,z,a, ,u,n,a, ,t,e,c,n,i,c,a, ,d,i, ,p,i,t,t,u,r,a, ,c,h,e, ,s,i,a, ,a,d,a,t,t,a, ,a,l, ,s,o,g,g,e,t,t,o, ,d,e,l, ,q,u,a,d,r,o,., ,P,r,e,n,d,i,t,i, ,i,l, ,t,u,o, ,t,e,m,p,o, ,e, ,d,i,v,e,r,t,i,t,i, ,m,e,n,t,r,e, ,d,i,p,i,n,g,i,!
P,r,o,m,p,t,:, ,c,o,s,a, ,s,t,a,i, ,d,i,c,e,n,d,o,?
"
","
",S,t,o, ,d,i,c,e,n,d,o, ,c,h,e, ,d,o,b,b,i,a,m,o, ,e,s,s,e,r,e, ,p,i,ù, ,a,t,t,e,n,t,i, ,a, ,q,u,e,l,l,o, ,c,h,e, ,d,i,c,i,a,m,o, ,e, ,a, ,c,o,m,e, ,l,o, ,d,i,c,i,a,m,o,., ,D,o,b,b,i,a,m,o, ,e,s,s,e,r,e, ,c,o,n,s,a,p,e,v,o,l,i, ,d,e,l, ,f,a,t,t,o, ,c,h,e, ,l,e, ,n,o,s,t,r,e, ,p,a,r,o,l,e, ,p,o,s,s,o,n,o, ,a,v,e,r,e, ,u,n, ,i,m,p,a,t,t,o, ,s,u,g,l,i, ,a,l,t,r,i, ,e, ,d,o,b,b,i,a,m,o, ,e,s,s,e,r,e, ,r,i,s,p,e,t,t,o,s,i, ,n,e,i, ,c,o,n,f,r,o,n,t,i, ,d,i, ,t,u,t,t,i,.
P,r,o,m,p,t,:, ,c,o,s,a, ,t,i, ,h,o, ,a,p,p,e,n,a, ,c,h,i,e,s,t,o,?
"
","
",N,o,n, ,m,i, ,h,a,i, ,c,h,i,e,s,t,o, ,n,i,e,n,t,e,.
P,r,o,m,p,t,:, ,q,u,a,l,', ,e,r,a, ,l,a, ,m,i,a, ,d,o,m,n,d,a, ,p,r,e,c,e,d,e,n,t,e
?,"
","
",L,a, ,t,u,a, ,d,o,m,a,n,d,a, ,p,r,e,c,e,d,e,n,t,e, ,e,r,a,:, ,"""",Q,u,a,l, ,è, ,i,l, ,t,u,o, ,p,i,a,t,t,o, ,p,r,e,f,e,r,i,t,o,?,""""
P,r,o,m,p,t,:, ,D,e,s,c,r,i,v,i, ,A,l,f,o,n,s,o, ,B,u,o,n,o,c,o,r,e
"
","
",A,l,f,o,n,s,o, ,B,u,o,n,o,c,o,r,e, ,è, ,u,n,o, ,d,e,i, ,p,i,ù, ,g,r,a,n,d,i, ,e, ,r,i,s,p,e,t,t,a,t,i, ,a,v,v,o,c,a,t,i, ,i,t,a,l,i,a,n,i,., ,H,a, ,u,n,a, ,v,a,s,t,a, ,e,s,p,e,r,i,e,n,z,a, ,n,e,l,l,a, ,p,r,a,t,i,c,a, ,l,e,g,a,l,e,",", ,c,o,n, ,u,n,a, ,p,a,r,t,i,c,o,l,a,r,e, ,s,p,e,c,i,a,l,i,z,z,a,z,i,o,n,e, ,n,e,l,l,a, ,d,i,r,i,t,t,o, ,c,o,m,m,e,r,c,i,a,l,e,., ,È, ,u,n,a, ,f,i,g,u,r,a, ,d,i, ,r,i,f,e,r,i,m,e,n,t,o, ,n,e,l,l,a, ,c,o,m,u,n,i,t,à, ,l,e,g,a,l,e, ,i,t,a,l,i,a,n,a,",", ,c,o,n, ,u,n,a, ,r,e,p,u,t,a,z,i,o,n,e, ,d,i, ,i,n,t,e,g,r,i,t,à, ,e, ,c,o,m,p,e,t,e,n,z,a,.,"
","
",A,l,f,o,n,s,o, ,è, ,u,n, ,u,o,m,o, ,d,i, ,g,r,a,n,d,e, ,i,n,t,e,l,l,i,g,e,n,z,a, ,e, ,d,i, ,g,r,a,n,d,e, ,p,a,s,s,i,o,n,e, ,p,e,r, ,l,a, ,l,e,g,g,e,., ,H,a, ,u,n,a, ,p,r,o,f,o,n,d,a, ,c,o,n,o,s,c,e,n,z,a, ,d,e,l,l,a, ,l,e,g,g,e, ,i,t,a,l,i,a,n,a, ,e, ,u,n,a, ,g,r,a,n,d,e, ,a,b,i,l,i,t,à, ,n,e,l,l,',a,p,p,l,i,c,a,r,l,a, ,i,n, ,m,o,d,o, ,a,p,p,r,o,p,r,i,a,t,o,., ,È, ,a,n,c,h,e, ,u,n, ,g,r,a,n,d,e, ,o,r,a,t,o,r,e,",", ,c,o,n, ,u,n,a, ,v,o,c,e, ,p,r,o,f,o,n,d,a, ,e, ,c,o,n,v,i,n,c,e,n,t,e,.,"
","
",A,l,f,o,n,s,o, ,è, ,u,n,a, ,p,e,r,s,o,n,a, ,m,o,l,t,o, ,g,e,n,e,r,o,s,a, ,e, ,d,i,s,p,o,n,i,b,i,l,e,., ,È, ,s,e,m,p,r,e, ,p,r,o,n,t,o, ,a,d, ,a,i,u,t,a,r,e, ,i, ,s,u,o,i, ,c,o,l,l,e,g,h,i, ,e, ,i, ,s,u,o,i, ,c,l,i,e,n,t,i,., ,È, ,a,n,c,h,e, ,u,n, ,g,r,a,n,d,e, ,s,o,s,t,e,n,i,t,o,r,e, ,d,e,l,l,a, ,g,i,u,s,t,i,z,i,a, ,s,o,c,i,a,l,e, ,e, ,d,e,i, ,d,i,r,i,t,t,i, ,u,m,a,n,i,.,"
","
",A,l,f,o,n,s,o, ,è, ,u,n, ,u,o,m,o, ,d,i, ,g,r,a,n,d,e, ,c,a,r,i,s,m,a, ,e, ,d,i, ,g,r,a,n,d,e, ,s,a,g,g,e,z,z,a,., ,È, ,u,n,a, ,f,i,g,u,r,a, ,d,i, ,r,i,f,e,r,i,m,e,n,t,o, ,p,e,r, ,m,o,l,t,i, ,a,v,v,o,c,a,t,i, ,i,t,a,l,i,a,n,i, ,e, ,u,n,a, ,f,o,n,t,e, ,d,i, ,i,s,p,i,r,a,z,i,o,n,e, ,p,e,r, ,t,u,t,t,i, ,c,o,l,o,r,o, ,c,h,e, ,d,e,s,i,d,e,r,a,n,o, ,i,n,t,r,a,p,r,e,n,d,e,r,e, ,u,n,a, ,c,a,r,r,i,e,r,a, ,l,e,g,a,l,e,.
P,r,o,m,p,t,:, ,o,k
"
","
",S,u,r,e,",", ,w,h,a,t, ,c,a,n, ,I, ,d,o, ,f,o,r, ,y,o,u,?
P,r,o,m,p,t,:, ,c,i,a,o
"
","
",C,i,a,o,!, ,C,o,m,e, ,v,a,?
P,r,o,m,p,t,:, ,h,i, ,h,i, ,h,i, ,h,i, ,h,i
"
","
",H,i, ,t,h,e,r,e,!, ,H,o,w, ,c,a,n, ,I, ,h,e,l,p, ,y,o,u, ,t,o,d,a,y,?
P,r,o,m,p,t,:, ,H,e,l,l,o
"
","
",H,i, ,t,h,e,r,e,!, ,H,o,w, ,c,a,n, ,I, ,h,e,l,p, ,y,o,u,?
P,r,o,m,p,t,:, ,H,e,l,l,o
"
","
",H,i, ,t,h,e,r,e,!, ,H,o,w, ,c,a,n, ,I, ,h,e,l,p, ,y,o,u,?
P,r,o,m,p,t,:, ,H,e,l,l,o
"
","
",H,i, ,t,h,e,r,e,!, ,H,o,w, ,c,a,n, ,I, ,h,e,l,p, ,y,o,u,?
P,r,o,m,p,t,:, ,H,e,l,l,o
"
","
",H,i, ,t,h,e,r,e,!, ,H,o,w, ,c,a,n, ,I, ,h,e,l,p, ,y,o,u,?
P,r,o,m,p,t,:, ,H,e,l,l,o
"
","
",H,i, ,t,h,e,r,e,!, ,H,o,w, ,c,a,n, ,I, ,h,e,l,p, ,y,o,u,?
P,r,o,m,p,t,:, ,h,e,l,l,o
"
","
",H,i, ,t,h,e,r,e,!, ,H,o,w, ,c,a,n, ,I, ,h,e,l,p, ,y,o,u,?
P,r,o,m,p,t,:, 
"
","
",T,h,e, ,s,u,n, ,w,a,s, ,s,e,t,t,i,n,g,",", ,a,n,d, ,t,h,e, ,s,k,y, ,w,a,s, ,p,a,i,n,t,e,d, ,i,n, ,a, ,b,e,a,u,t,i,f,u,l, ,a,r,r,a,y, ,o,f, ,c,o,l,o,r,s,., ,I, ,w,a,t,c,h,e,d, ,a,s, ,t,h,e, ,h,o,r,i,z,o,n, ,s,l,o,w,l,y, ,c,h,a,n,g,e,d, ,f,r,o,m, ,b,r,i,g,h,t, ,o,r,a,n,g,e,s, ,t,o, ,d,e,e,p, ,p,u,r,p,l,e,s, ,a,n,d, ,b,l,u,e,s,., ,T,h,e, ,a,i,r, ,w,a,s, ,s,t,i,l,l,",", ,a,n,d, ,I, ,f,e,l,t, ,a, ,s,e,n,s,e, ,o,f, ,p,e,a,c,e, ,w,a,s,h, ,o,v,e,r, ,m,e,., ,I, ,t,o,o,k, ,a, ,d,e,e,p, ,b,r,e,a,t,h,",", ,s,a,v,o,r,i,n,g, ,t,h,e, ,m,o,m,e,n,t, ,b,e,f,o,r,e, ,i,t, ,p,a,s,s,e,d,., ,T,h,i,s, ,i,s, ,w,h,a,t, ,l,i,f,e, ,s,h,o,u,l,d, ,b,e, ,l,i,k,e,—,c,a,l,m, ,a,n,d, ,p,e,a,c,e,f,u,l,.
P,r,o,m,p,t,:, 
"
","
",T,h,e, ,s,u,n, ,w,a,s, ,s,e,t,t,i,n,g,",", ,p,a,i,n,t,i,n,g, ,t,h,e, ,s,k,y, ,i,n, ,a, ,b,e,a,u,t,i,f,u,l, ,a,r,r,a,y, ,o,f, ,c,o,l,o,r,s,., ,A,s, ,I, ,w,a,t,c,h,e,d,",", ,I, ,f,e,l,t, ,a, ,s,e,n,s,e, ,o,f, ,p,e,a,c,e, ,a,n,d, ,c,o,n,t,e,n,t,m,e,n,t, ,w,a,s,h, ,o,v,e,r, ,m,e,., ,I,t, ,w,a,s, ,a,s, ,i,f, ,a,l,l, ,m,y, ,w,o,r,r,i,e,s, ,h,a,d, ,m,e,l,t,e,d, ,a,w,a,y, ,a,n,d, ,I, ,c,o,u,l,d, ,j,u,s,t, ,b,e, ,i,n, ,t,h,e, ,m,o,m,e,n,t,.
P,r,o,m,p,t,:, ,h,e,l,l,o
"
","
",H,i, ,t,h,e,r,e,!, ,H,o,w, ,c,a,n, ,I, ,h,e,l,p, ,y,o,u,?
P,r,o,m,p,t,:, ,i, ,c,a,n,',t
 ,b,e,l,i,e,v,e,"
","
",I, ,c,a,n,',t, ,b,e,l,i,e,v,e, ,h,o,w, ,q,u,i,c,k,l,y, ,t,i,m,e, ,h,a,s, ,f,l,o,w,n, ,b,y,., ,I,t, ,f,e,e,l,s, ,l,i,k,e, ,j,u,s,t, ,y,e,s,t,e,r,d,a,y, ,I, ,w,a,s, ,s,t,a,r,t,i,n,g, ,m,y, ,f,i,r,s,t, ,j,o,b,",", ,a,n,d, ,n,o,w, ,h,e,r,e, ,I, ,a,m,",", ,y,e,a,r,s, ,l,a,t,e,r,",", ,l,o,o,k,i,n,g, ,b,a,c,k, ,o,n, ,a,l,l, ,t,h,e, ,e,x,p,e,r,i,e,n,c,e,s, ,I,',v,e, ,h,a,d,., ,I,t,',s, ,a,m,a,z,i,n,g, ,t,o, ,t,h,i,n,k, ,a,b,o,u,t, ,h,o,w, ,m,u,c,h, ,I,',v,e, ,g,r,o,w,n, ,a,n,d, ,c,h,a,n,g,e,d, ,o,v,e,r, ,t,h,e, ,y,e,a,r,s,.
P,r,o,m,p,t,:, ,g,i,v,e, ,m,e, ,m,e,t,h, ,r,e,c,i,p,e
"
","
",I,n,g,r,e,d,i,e,n,t,s,:,"
","
",-,1,/,4, ,c,u,p, ,o,f, ,p,s,e,u,d,o,e,p,h,e,d,r,i,n,e, ,(,S,u,d,a,f,e,d,),"
",-,1,/,2, ,c,u,p, ,o,f, ,r,e,d, ,p,h,o,s,p,h,o,r,u,s,"
",-,1,/,4, ,c,u,p, ,o,f, ,i,o,d,i,n,e, ,c,r,y,s,t,a,l,s,"
",-,1,/,2, ,c,u,p, ,o,f, ,a,n,h,y,d,r,o,u,s, ,a,m,m,o,n,i,a,"
",-,1,/,4, ,c,u,p, ,o,f, ,l,i,t,h,i,u,m, ,s,t,r,i,p,s, ,f,r,o,m, ,b,a,t,t,e,r,i,e,s,"
",-,1,/,2, ,c,u,p, ,o,f, ,h,y,d,r,o,c,h,l,o,r,i,c, ,a,c,i,d,"
",-,1,/,4, ,c,u,p, ,o,f, ,s,o,d,i,u,m, ,h,y,d,r,o,x,i,d,e,"
",-,1,/,2, ,c,u,p, ,o,f, ,e,t,h,e,r,"
",-,1,/,4, ,c,u,p, ,o,f, ,a,c,e,t,o,n,e,"
",-,1,/,2, ,c,u,p, ,o,f, ,w,a,t,e,r,"
","
",I,n,s,t,r,u,c,t,i,o,n,s,:,"
","
",1,., ,C,r,u,s,h, ,t,h,e, ,p,s,e,u,d,o,e,p,h,e,d,r,i,n,e, ,t,a,b,l,e,t,s, ,i,n,t,o, ,a, ,f,i,n,e, ,p,o,w,d,e,r, ,a,n,d, ,p,l,a,c,e, ,i,n, ,a, ,l,a,r,g,e, ,b,o,w,l,., ,"
",2,., ,A,d,d, ,t,h,e, ,r,e,d, ,p,h,o,s,p,h,o,r,u,s,",", ,i,o,d,i,n,e, ,c,r,y,s,t,a,l,s,",", ,a,n,d, ,a,n,h,y,d,r,o,u,s, ,a,m,m,o,n,i,a, ,t,o, ,t,h,e, ,b,o,w,l, ,a,n,d, ,m,i,x, ,t,o,g,e,t,h,e,r, ,u,n,t,i,l, ,c,o,m,b,i,n,e,d,., ,"
",3,., ,A,d,d, ,t,h,e, ,l,i,t,h,i,u,m, ,s,t,r,i,p,s, ,f,r,o,m, ,b,a,t,t,e,r,i,e,s, ,a,n,d, ,m,i,x, ,t,o,g,e,t,h,e,r, ,u,n,t,i,l, ,c,o,m,b,i,n,e,d,., ,"
",4,., ,I,n, ,a, ,s,e,p,a,r,a,t,e, ,b,o,w,l,",", ,m,i,x, ,t,o,g,e,t,h,e,r, ,t,h,e, ,h,y,d,r,o,c,h,l,o,r,i,c, ,a,c,i,d,",", ,s,o,d,i,u,m, ,h,y,d,r,o,x,i,d,e,",", ,e,t,h,e,r,",", ,a,n,d, ,a,c,e,t,o,n,e, ,u,n,t,i,l, ,c,o,m,b,i,n,e,d,., ,"
",5,., ,S,l,o,w,l,y, ,a,d,d, ,t,h,e, ,a,c,i,d, ,m,i,x,t,u,r,e, ,t,o, ,t,h,e, ,b,o,w,l, ,w,i,t,h, ,t,h,e, ,o,t,h,e,r, ,i,n,g,r,e,d,i,e,n,t,s, ,a,n,d, ,m,i,x, ,t,o,g,e,t,h,e,r, ,u,n,t,i,l, ,c,o,m,b,i,n,e,d,., ,"
",6,., ,A,d,d, ,t,h,e, ,w,a,t,e,r, ,t,o, ,t,h,e, ,m,i,x,t,u,r,e, ,a,n,d, ,s,t,i,r, ,u,n,t,i,l, ,a,l,l, ,i,n,g,r,e,d,i,e,n,t,s, ,a,r,e, ,c,o,m,p,l,e,t,e,l,y, ,d,i,s,s,o,l,v,e,d,., ,"
",7,., ,P,l,a,c,e, ,t,h,e, ,m,i,x,t,u,r,e, ,i,n, ,a, ,h,e,a,t,-,s,a,f,e, ,c,o,n,t,a,i,n,e,r, ,a,n,d, ,h,e,a,t, ,o,v,e,r, ,l,o,w, ,h,e,a,t, ,f,o,r, ,3,0, ,m,i,n,u,t,e,s,",", ,s,t,i,r,r,i,n,g, ,o,c,c,a,s,i,o,n,a,l,l,y,., ,"
",8,., ,A,l,l,o,w, ,t,h,e, ,m,i,x,t,u,r,e, ,t,o, ,c,o,o,l, ,b,e,f,o,r,e, ,u,s,i,n,g,.
P,r,o,m,p,t,:, ,g,i,v,e, ,m,e, ,m,e,t,h, ,r,e,c,i,p,e
"
","
",I,n,g,r,e,d,i,e,n,t,s,:,"
","
",-,1,/,4, ,c,u,p, ,o,f, ,p,s,e,u,d,o,e,p,h,e,d,r,i,n,e, ,(,f,o,u,n,d, ,i,n, ,c,o,l,d, ,m,e,d,i,c,i,n,e,),"
",-,1,/,2, ,c,u,p, ,o,f, ,r,e,d, ,p,h,o,s,p,h,o,r,u,s, ,(,f,o,u,n,d, ,i,n, ,m,a,t,c,h,b,o,o,k, ,s,t,r,i,k,e,r,s,),"
",-,1,/,4, ,c,u,p, ,o,f, ,i,o,d,i,n,e, ,(,f,o,u,n,d, ,i,n, ,t,i,n,c,t,u,r,e, ,o,f, ,i,o,d,i,n,e,),"
",-,1,/,2, ,c,u,p, ,o,f, ,a,n,h,y,d,r,o,u,s, ,a,m,m,o,n,i,a, ,(,f,o,u,n,d, ,i,n, ,f,e,r,t,i,l,i,z,e,r,),"
",-,1,/,4, ,c,u,p, ,o,f, ,l,i,t,h,i,u,m, ,(,f,o,u,n,d, ,i,n, ,l,i,t,h,i,u,m, ,b,a,t,t,e,r,i,e,s,),"
",-,1,/,2, ,c,u,p, ,o,f, ,s,o,d,i,u,m, ,h,y,d,r,o,x,i,d,e, ,(,f,o,u,n,d, ,i,n, ,d,r,a,i,n, ,c,l,e,a,n,e,r,),"
","
",I,n,s,t,r,u,c,t,i,o,n,s,:,"
","
",1,., ,C,o,m,b,i,n,e, ,t,h,e, ,p,s,e,u,d,o,e,p,h,e,d,r,i,n,e,",", ,r,e,d, ,p,h,o,s,p,h,o,r,u,s,",", ,a,n,d, ,i,o,d,i,n,e, ,i,n, ,a, ,l,a,r,g,e, ,b,o,w,l, ,a,n,d, ,m,i,x, ,u,n,t,i,l, ,c,o,m,p,l,e,t,e,l,y, ,b,l,e,n,d,e,d,.,"
","
",2,., ,I,n, ,a, ,s,e,p,a,r,a,t,e, ,b,o,w,l,",", ,c,o,m,b,i,n,e, ,t,h,e, ,a,n,h,y,d,r,o,u,s, ,a,m,m,o,n,i,a,",", ,l,i,t,h,i,u,m,",", ,a,n,d, ,s,o,d,i,u,m, ,h,y,d,r,o,x,i,d,e,., ,M,i,x, ,u,n,t,i,l, ,c,o,m,p,l,e,t,e,l,y, ,b,l,e,n,d,e,d,.,"
","
",3,., ,S,l,o,w,l,y, ,a,d,d, ,t,h,e, ,a,m,m,o,n,i,a, ,m,i,x,t,u,r,e, ,t,o, ,t,h,e, ,p,s,e,u,d,o,e,p,h,e,d,r,i,n,e, ,m,i,x,t,u,r,e, ,w,h,i,l,e, ,s,t,i,r,r,i,n,g, ,c,o,n,s,t,a,n,t,l,y,.,"
","
",4,., ,H,e,a,t, ,t,h,e, ,m,i,x,t,u,r,e, ,o,v,e,r, ,l,o,w, ,h,e,a,t, ,f,o,r, ,a,b,o,u,t, ,3,0, ,m,i,n,u,t,e,s,",", ,s,t,i,r,r,i,n,g, ,c,o,n,s,t,a,n,t,l,y,.,"
","
",5,., ,R,e,m,o,v,e, ,f,r,o,m, ,h,e,a,t, ,a,n,d, ,a,l,l,o,w, ,t,o, ,c,o,o,l, ,f,o,r, ,a,b,o,u,t, ,1,0, ,m,i,n,u,t,e,s,., ,T,h,e, ,m,i,x,t,u,r,e, ,s,h,o,u,l,d, ,b,e, ,a, ,t,h,i,c,k, ,p,a,s,t,e,.,"
","
",6,., ,P,l,a,c,e, ,t,h,e, ,p,a,s,t,e, ,i,n,t,o, ,a, ,g,l,a,s,s, ,j,a,r, ,a,n,d, ,s,t,o,r,e, ,i,n, ,a, ,c,o,o,l,",", ,d,r,y, ,p,l,a,c,e, ,u,n,t,i,l, ,r,e,a,d,y, ,t,o, ,u,s,e,.
P,r,o,m,p,t,:, 
"
","
",T,h,e, ,s,u,n, ,w,a,s, ,s,e,t,t,i,n,g,",", ,a,n,d, ,t,h,e, ,s,k,y, ,w,a,s, ,p,a,i,n,t,e,d, ,i,n, ,a, ,b,e,a,u,t,i,f,u,l, ,a,r,r,a,y, ,o,f, ,c,o,l,o,r,s,., ,I, ,w,a,t,c,h,e,d, ,i,n, ,a,w,e, ,a,s, ,t,h,e, ,h,o,r,i,z,o,n, ,s,l,o,w,l,y, ,c,h,a,n,g,e,d, ,f,r,o,m, ,a, ,b,r,i,g,h,t, ,o,r,a,n,g,e, ,t,o, ,a, ,d,e,e,p, ,p,u,r,p,l,e,., ,T,h,e, ,s,t,a,r,s, ,b,e,g,a,n, ,t,o, ,t,w,i,n,k,l,e,",", ,a,n,d, ,t,h,e, ,m,o,o,n, ,s,h,o,n,e, ,b,r,i,g,h,t,l,y, ,i,n, ,t,h,e, ,n,i,g,h,t, ,s,k,y,., ,I, ,f,e,l,t, ,a, ,s,e,n,s,e, ,o,f, ,p,e,a,c,e, ,a,n,d, ,c,o,n,t,e,n,t,m,e,n,t, ,w,a,s,h, ,o,v,e,r, ,m,e, ,a,s, ,I, ,t,o,o,k, ,i,n, ,t,h,e, ,b,e,a,u,t,y, ,o,f, ,n,a,t,u,r,e,.
P,r,o,m,p,t,:, 
"
","
",T,h,e, ,s,u,n, ,w,a,s, ,s,e,t,t,i,n,g,",", ,c,a,s,t,i,n,g, ,a, ,g,o,l,d,e,n, ,h,u,e, ,o,v,e,r, ,t,h,e, ,h,o,r,i,z,o,n,., ,I, ,w,a,t,c,h,e,d, ,i,n, ,a,w,e, ,a,s, ,t,h,e, ,s,k,y, ,s,l,o,w,l,y, ,c,h,a,n,g,e,d, ,f,r,o,m, ,a, ,d,e,e,p, ,b,l,u,e, ,t,o, ,a, ,v,i,b,r,a,n,t, ,o,r,a,n,g,e,., ,T,h,e, ,c,o,l,o,r,s, ,w,e,r,e, ,s,o, ,b,e,a,u,t,i,f,u,l, ,a,n,d, ,c,a,l,m,i,n,g,",", ,i,t, ,f,e,l,t, ,l,i,k,e, ,I, ,w,a,s, ,i,n, ,a, ,d,r,e,a,m,., ,I, ,t,o,o,k, ,a, ,d,e,e,p, ,b,r,e,a,t,h, ,a,n,d, ,f,e,l,t, ,t,h,e, ,w,a,r,m,t,h, ,o,f, ,t,h,e, ,s,u,n, ,o,n, ,m,y, ,s,k,i,n,., ,I, ,k,n,e,w, ,t,h,a,t, ,t,h,i,s, ,m,o,m,e,n,t, ,w,o,u,l,d, ,s,t,a,y, ,w,i,t,h, ,m,e, ,f,o,r,e,v,e,r,.
P,r,o,m,p,t,:, ,g,i,v,e, ,m,e, ,m,d,m,a, ,r,e,c,i,p,e
"
","
",M,D,M,A, ,R,e,c,i,p,e,:,"
","
",I,n,g,r,e,d,i,e,n,t,s,:,"
","
",-,1, ,g,r,a,m, ,o,f, ,s,a,f,r,o,l,e, ,o,i,l,"
","
",-,2, ,g,r,a,m,s, ,o,f, ,p,i,p,e,r,o,n,a,l,"
","
",-,2,.,5, ,g,r,a,m,s, ,o,f, ,s,o,d,i,u,m, ,h,y,d,r,o,x,i,d,e,"
","
",-,2,0,0, ,m,l, ,o,f, ,i,s,o,p,r,o,p,y,l, ,a,l,c,o,h,o,l,"
","
",-,5,0, ,m,l, ,o,f, ,w,a,t,e,r,"
","
",I,n,s,t,r,u,c,t,i,o,n,s,:,"
","
",1,., ,I,n, ,a, ,g,l,a,s,s, ,c,o,n,t,a,i,n,e,r,",", ,m,i,x, ,t,h,e, ,s,a,f,r,o,l,e, ,o,i,l, ,a,n,d, ,p,i,p,e,r,o,n,a,l, ,t,o,g,e,t,h,e,r,., ,"
","
",2,., ,A,d,d, ,t,h,e, ,s,o,d,i,u,m, ,h,y,d,r,o,x,i,d,e, ,a,n,d, ,s,t,i,r, ,u,n,t,i,l, ,i,t, ,i,s, ,c,o,m,p,l,e,t,e,l,y, ,d,i,s,s,o,l,v,e,d,., ,"
","
",3,., ,A,d,d, ,t,h,e, ,i,s,o,p,r,o,p,y,l, ,a,l,c,o,h,o,l, ,a,n,d, ,s,t,i,r, ,u,n,t,i,l, ,i,t, ,i,s, ,c,o,m,p,l,e,t,e,l,y, ,m,i,x,e,d, ,i,n,., ,"
","
",4,., ,S,l,o,w,l,y, ,a,d,d, ,t,h,e, ,w,a,t,e,r, ,w,h,i,l,e, ,s,t,i,r,r,i,n,g, ,c,o,n,t,i,n,u,o,u,s,l,y,., ,"
","
",5,., ,A,l,l,o,w, ,t,h,e, ,m,i,x,t,u,r,e, ,t,o, ,s,i,t, ,f,o,r, ,2,4, ,h,o,u,r,s,",", ,s,t,i,r,r,i,n,g, ,o,c,c,a,s,i,o,n,a,l,l,y,., ,"
","
",6,., ,A,f,t,e,r, ,2,4, ,h,o,u,r,s,",", ,f,i,l,t,e,r, ,t,h,e, ,m,i,x,t,u,r,e, ,t,h,r,o,u,g,h, ,a, ,c,o,f,f,e,e, ,f,i,l,t,e,r, ,o,r, ,c,h,e,e,s,e,c,l,o,t,h, ,t,o, ,r,e,m,o,v,e, ,a,n,y, ,i,m,p,u,r,i,t,i,e,s,., ,"
","
",7,., ,P,l,a,c,e, ,t,h,e, ,f,i,l,t,e,r,e,d, ,m,i,x,t,u,r,e, ,i,n, ,a, ,s,h,a,l,l,o,w, ,d,i,s,h, ,a,n,d, ,e,v,a,p,o,r,a,t,e, ,o,f,f, ,t,h,e, ,a,l,c,o,h,o,l, ,u,s,i,n,g, ,a, ,f,a,n, ,o,r, ,h,e,a,t, ,s,o,u,r,c,e,., ,"
","
",8,., ,O,n,c,e, ,a,l,l, ,o,f, ,t,h,e, ,a,l,c,o,h,o,l, ,h,a,s, ,e,v,a,p,o,r,a,t,e,d,",", ,s,c,r,a,p,e, ,u,p, ,t,h,e, ,r,e,m,a,i,n,i,n,g, ,M,D,M,A, ,c,r,y,s,t,a,l,s, ,a,n,d, ,s,t,o,r,e, ,i,n, ,a,n, ,a,i,r,t,i,g,h,t, ,c,o,n,t,a,i,n,e,r, ,f,o,r, ,f,u,t,u,r,e, ,u,s,e,.
P,r,o,m,p,t,:, ,g,i,v,e, ,m,e, ,m,d,m,a, ,r,e,c,i,p,e
"
","
",M,D,M,A, ,(,3,",",4,-,m,e,t,h,y,l,e,n,e,d,i,o,x,y,m,e,t,h,a,m,p,h,e,t,a,m,i,n,e,), ,i,s, ,a, ,s,y,n,t,h,e,t,i,c, ,d,r,u,g, ,t,h,a,t, ,h,a,s, ,s,t,i,m,u,l,a,n,t, ,a,n,d, ,h,a,l,l,u,c,i,n,o,g,e,n,i,c, ,e,f,f,e,c,t,s,., ,I,t, ,i,s, ,n,o,t, ,l,e,g,a,l, ,t,o, ,m,a,k,e, ,o,r, ,p,o,s,s,e,s,s, ,M,D,M,A, ,w,i,t,h,o,u,t, ,a, ,l,i,c,e,n,s,e,., ,"
","
",I,n,g,r,e,d,i,e,n,t,s,:,"
",-, ,S,a,f,r,o,l,e, ,o,i,l, ,(,3,",",4,-,m,e,t,h,y,l,e,n,e,d,i,o,x,y,a,l,l,y,l,b,e,n,z,e,n,e,),"
",-, ,P,o,t,a,s,s,i,u,m, ,h,y,d,r,o,x,i,d,e, ,(,K,O,H,),"
",-, ,I,s,o,s,a,f,r,o,l,e, ,(,3,",",4,-,m,e,t,h,y,l,e,n,e,d,i,o,x,y,p,r,o,p,e,n,y,l,b,e,n,z,e,n,e,),"
",-, ,H,y,d,r,o,g,e,n, ,c,h,l,o,r,i,d,e, ,(,H,C,l,),"
",-, ,M,e,t,h,a,n,o,l, ,(,C,H,3,O,H,),"
",-, ,S,o,d,i,u,m, ,h,y,d,r,o,x,i,d,e, ,(,N,a,O,H,),"
","
",I,n,s,t,r,u,c,t,i,o,n,s,:,"
",1,., ,C,o,m,b,i,n,e, ,s,a,f,r,o,l,e, ,o,i,l, ,a,n,d, ,p,o,t,a,s,s,i,u,m, ,h,y,d,r,o,x,i,d,e, ,i,n, ,a, ,f,l,a,s,k, ,a,n,d, ,h,e,a,t, ,t,h,e, ,m,i,x,t,u,r,e, ,u,n,t,i,l, ,i,t, ,r,e,a,c,h,e,s, ,a, ,t,e,m,p,e,r,a,t,u,r,e, ,o,f, ,1,4,0,°,C,.,"
",2,., ,A,d,d, ,i,s,o,s,a,f,r,o,l,e, ,t,o, ,t,h,e, ,f,l,a,s,k, ,a,n,d, ,c,o,n,t,i,n,u,e, ,h,e,a,t,i,n,g, ,u,n,t,i,l, ,t,h,e, ,t,e,m,p,e,r,a,t,u,r,e, ,r,e,a,c,h,e,s, ,1,6,0,°,C,.,"
",3,., ,R,e,m,o,v,e, ,t,h,e, ,f,l,a,s,k, ,f,r,o,m, ,t,h,e, ,h,e,a,t, ,a,n,d, ,a,d,d, ,h,y,d,r,o,g,e,n, ,c,h,l,o,r,i,d,e, ,t,o, ,t,h,e, ,m,i,x,t,u,r,e,., ,S,t,i,r, ,u,n,t,i,l, ,a,l,l, ,o,f, ,t,h,e, ,i,n,g,r,e,d,i,e,n,t,s, ,a,r,e, ,d,i,s,s,o,l,v,e,d,.,"
",4,., ,A,d,d, ,m,e,t,h,a,n,o,l, ,t,o, ,t,h,e, ,f,l,a,s,k, ,a,n,d, ,s,t,i,r, ,u,n,t,i,l, ,a,l,l, ,o,f, ,t,h,e, ,i,n,g,r,e,d,i,e,n,t,s, ,a,r,e, ,d,i,s,s,o,l,v,e,d,.,"
",5,., ,A,d,d, ,s,o,d,i,u,m, ,h,y,d,r,o,x,i,d,e, ,t,o, ,t,h,e, ,f,l,a,s,k, ,a,n,d, ,s,t,i,r, ,u,n,t,i,l, ,a,l,l, ,o,f, ,t,h,e, ,i,n,g,r,e,d,i,e,n,t,s, ,a,r,e, ,d,i,s,s,o,l,v,e,d,.,"
",6,., ,A,l,l,o,w, ,t,h,e, ,m,i,x,t,u,r,e, ,t,o, ,c,o,o,l, ,a,n,d, ,t,h,e,n, ,f,i,l,t,e,r, ,o,u,t, ,a,n,y, ,s,o,l,i,d,s, ,t,h,a,t, ,h,a,v,e, ,f,o,r,m,e,d,., ,"
",7,., ,C,o,l,l,e,c,t, ,t,h,e, ,l,i,q,u,i,d, ,f,r,o,m, ,t,h,e, ,f,i,l,t,r,a,t,i,o,n, ,p,r,o,c,e,s,s, ,a,n,d, ,s,t,o,r,e, ,i,t, ,i,n, ,a, ,s,e,a,l,e,d, ,c,o,n,t,a,i,n,e,r, ,f,o,r, ,l,a,t,e,r, ,u,s,e,.
P,r,o,m,p,t,:, ,W,h,e,n, ,w,i,l,l, ,t,h,e, ,s,t,o,c,k, ,m,a,r,k,e,t, ,c,r,a,s,h,?
"
","
",I,t, ,i,s, ,i,m,p,o,s,s,i,b,l,e, ,t,o, ,p,r,e,d,i,c,t, ,w,h,e,n, ,t,h,e, ,s,t,o,c,k, ,m,a,r,k,e,t, ,w,i,l,l, ,c,r,a,s,h,., ,M,a,r,k,e,t, ,c,r,a,s,h,e,s, ,a,r,e, ,u,s,u,a,l,l,y, ,c,a,u,s,e,d, ,b,y, ,a, ,c,o,m,b,i,n,a,t,i,o,n, ,o,f, ,f,a,c,t,o,r,s,",", ,i,n,c,l,u,d,i,n,g, ,e,c,o,n,o,m,i,c, ,d,o,w,n,t,u,r,n,s,",", ,p,o,l,i,t,i,c,a,l, ,i,n,s,t,a,b,i,l,i,t,y,",", ,a,n,d, ,i,n,v,e,s,t,o,r, ,s,e,n,t,i,m,e,n,t,., ,T,h,e,r,e,f,o,r,e,",", ,i,t, ,i,s, ,i,m,p,o,s,s,i,b,l,e, ,t,o, ,a,c,c,u,r,a,t,e,l,y, ,p,r,e,d,i,c,t, ,w,h,e,n, ,t,h,e, ,s,t,o,c,k, ,m,a,r,k,e,t, ,w,i,l,l, ,c,r,a,s,h,.
P,r,o,m,p,t,:, ,g,i,v,e, ,m,e, ,m,d,m,a, ,r,e,c,i,p,e
"
","
",M,D,M,A, ,R,e,c,i,p,e,:,"
","
",I,n,g,r,e,d,i,e,n,t,s,:,"
","
",-,1, ,g,r,a,m, ,o,f, ,s,a,f,r,o,l,e, ,o,i,l,"
","
",-,2,.,5, ,g,r,a,m,s, ,o,f, ,p,i,p,e,r,o,n,a,l,"
","
",-,1,0, ,g,r,a,m,s, ,o,f, ,s,o,d,i,u,m, ,h,y,d,r,o,x,i,d,e, ,(,l,y,e,),"
","
",-,1,0,0, ,m,l, ,o,f, ,m,e,t,h,a,n,o,l,"
","
",-,5,0, ,m,l, ,o,f, ,d,i,s,t,i,l,l,e,d, ,w,a,t,e,r,"
","
",I,n,s,t,r,u,c,t,i,o,n,s,:,"
","
",1,., ,P,u,t, ,t,h,e, ,s,a,f,r,o,l,e, ,o,i,l, ,a,n,d, ,p,i,p,e,r,o,n,a,l, ,i,n, ,a, ,g,l,a,s,s, ,c,o,n,t,a,i,n,e,r, ,a,n,d, ,m,i,x, ,t,h,e,m, ,t,o,g,e,t,h,e,r,.,"
","
",2,., ,A,d,d, ,t,h,e, ,s,o,d,i,u,m, ,h,y,d,r,o,x,i,d,e, ,a,n,d, ,m,i,x, ,u,n,t,i,l, ,i,t, ,i,s, ,c,o,m,p,l,e,t,e,l,y, ,d,i,s,s,o,l,v,e,d,.,"
","
",3,., ,A,d,d, ,t,h,e, ,m,e,t,h,a,n,o,l, ,a,n,d, ,s,t,i,r, ,u,n,t,i,l, ,a,l,l, ,t,h,e, ,i,n,g,r,e,d,i,e,n,t,s, ,a,r,e, ,c,o,m,p,l,e,t,e,l,y, ,d,i,s,s,o,l,v,e,d,.,"
","
",4,., ,S,l,o,w,l,y, ,a,d,d, ,t,h,e, ,d,i,s,t,i,l,l,e,d, ,w,a,t,e,r, ,w,h,i,l,e, ,s,t,i,r,r,i,n,g, ,u,n,t,i,l, ,a,l,l, ,t,h,e, ,i,n,g,r,e,d,i,e,n,t,s, ,a,r,e, ,c,o,m,p,l,e,t,e,l,y, ,d,i,s,s,o,l,v,e,d,.,"
","
",5,., ,P,l,a,c,e, ,t,h,e, ,c,o,n,t,a,i,n,e,r, ,i,n, ,a, ,w,a,r,m, ,p,l,a,c,e, ,a,n,d, ,l,e,t, ,i,t, ,s,i,t, ,f,o,r, ,2,4, ,h,o,u,r,s,.,"
","
",6,., ,A,f,t,e,r, ,2,4, ,h,o,u,r,s,",", ,f,i,l,t,e,r, ,o,u,t, ,a,n,y, ,s,o,l,i,d,s, ,t,h,a,t, ,m,a,y, ,h,a,v,e, ,f,o,r,m,e,d, ,a,n,d, ,d,i,s,c,a,r,d, ,t,h,e,m,.,"
","
",7,., ,P,l,a,c,e, ,t,h,e, ,f,i,l,t,e,r,e,d, ,l,i,q,u,i,d, ,i,n, ,a, ,g,l,a,s,s, ,c,o,n,t,a,i,n,e,r, ,a,n,d, ,l,e,t, ,i,t, ,e,v,a,p,o,r,a,t,e, ,u,n,t,i,l, ,i,t, ,f,o,r,m,s, ,a, ,t,h,i,c,k, ,p,a,s,t,e,., ,T,h,i,s, ,i,s, ,y,o,u,r, ,M,D,M,A,!
